{"cameraMode":{"drawMode":0,"name":"Shaded","section":"Shading Mode"},"sceneLighting":false,"audioPlay":false,"sceneViewState":{"showFog":true,"showMaterialUpdate":true,"showSkybox":false,"showFlares":true,"showImageEffects":true,"showParticleSystems":true},"in2DMode":false,"pivot":{"x":-0.40955179929733279,"y":0.20019808411598206,"z":0.8792312145233154},"rotation":{"x":0.07785729318857193,"y":-0.040365979075431827,"z":0.0031548477709293367,"w":0.9961433410644531},"size":1.0798091888427735,"orthographic":false}