{"cameraMode":{"drawMode":0,"name":"Shaded","section":"Shading Mode"},"sceneLighting":false,"audioPlay":false,"sceneViewState":{"showFog":true,"showMaterialUpdate":true,"showSkybox":false,"showFlares":true,"showImageEffects":true,"showParticleSystems":true},"in2DMode":false,"pivot":{"x":0.6175774931907654,"y":0.05018942058086395,"z":-0.47029030323028567},"rotation":{"x":0.0969729945063591,"y":0.6702497005462647,"z":-0.08899080008268357,"w":0.7303709983825684},"size":1.0088376998901368,"orthographic":false}