{"cameraMode":{"drawMode":0,"name":"Shaded","section":"Shading Mode"},"sceneLighting":false,"audioPlay":false,"sceneViewState":{"showFog":true,"showMaterialUpdate":true,"showSkybox":false,"showFlares":true,"showImageEffects":true,"showParticleSystems":true},"in2DMode":false,"pivot":{"x":0.0,"y":0.047745734453201297,"z":0.02760442905128002},"rotation":{"x":0.20133548974990846,"y":-0.15934765338897706,"z":0.03321470320224762,"w":0.9659035801887512},"size":0.656827986240387,"orthographic":false}