{"cameraMode":{"drawMode":0,"name":"Shaded","section":"Shading Mode"},"sceneLighting":false,"audioPlay":false,"sceneViewState":{"showFog":true,"showMaterialUpdate":true,"showSkybox":false,"showFlares":true,"showImageEffects":true,"showParticleSystems":true},"in2DMode":false,"pivot":{"x":1.5674073696136475,"y":-0.2671739459037781,"z":0.7520500421524048},"rotation":{"x":0.0731704980134964,"y":0.4254448711872101,"z":-0.034536782652139667,"w":0.9013604521751404},"size":1.5568280220031739,"orthographic":false}