{"cameraMode":{"drawMode":0,"name":"Shaded","section":"Shading Mode"},"sceneLighting":false,"audioPlay":false,"sceneViewState":{"showFog":true,"showMaterialUpdate":true,"showSkybox":false,"showFlares":true,"showImageEffects":true,"showParticleSystems":true},"in2DMode":false,"pivot":{"x":0.07679080963134766,"y":-0.2690421938896179,"z":0.260321706533432},"rotation":{"x":0.2730599641799927,"y":0.6821894645690918,"z":-0.3083370327949524,"w":0.6041401624679565},"size":0.6712312698364258,"orthographic":false}