{"cameraMode":{"drawMode":0,"name":"Shaded","section":"Shading Mode"},"sceneLighting":false,"audioPlay":false,"sceneViewState":{"showFog":true,"showMaterialUpdate":true,"showSkybox":false,"showFlares":true,"showImageEffects":true,"showParticleSystems":true},"in2DMode":false,"pivot":{"x":0.7859748601913452,"y":-0.16581767797470094,"z":1.2952439785003663},"rotation":{"x":0.10796833783388138,"y":0.2722204029560089,"z":-0.03075478971004486,"w":0.9556646943092346},"size":1.1739239692687989,"orthographic":false}