{"cameraMode":{"drawMode":0,"name":"Shaded","section":"Shading Mode"},"sceneLighting":false,"audioPlay":false,"sceneViewState":{"showFog":true,"showMaterialUpdate":true,"showSkybox":true,"showFlares":true,"showImageEffects":true,"showParticleSystems":true},"in2DMode":false,"pivot":{"x":3.8593547344207765,"y":3.2677903175354006,"z":-5.591751575469971},"rotation":{"x":-0.017885128036141397,"y":-0.11224406957626343,"z":-0.002021314576268196,"w":0.9935213923454285},"size":2.3738644123077394,"orthographic":false}