{"cameraMode":{"drawMode":0,"name":"Shaded","section":"Shading Mode"},"sceneLighting":false,"audioPlay":false,"sceneViewState":{"showFog":true,"showMaterialUpdate":true,"showSkybox":false,"showFlares":true,"showImageEffects":true,"showParticleSystems":true},"in2DMode":false,"pivot":{"x":0.20997783541679383,"y":0.060839951038360599,"z":0.4239428639411926},"rotation":{"x":0.09715274721384049,"y":0.06265939772129059,"z":-0.0061288513243198399,"w":0.9932769536972046},"size":0.5739238858222961,"orthographic":false}