{"cameraMode":{"drawMode":0,"name":"Shaded","section":"Shading Mode"},"sceneLighting":false,"audioPlay":false,"sceneViewState":{"showFog":true,"showMaterialUpdate":true,"showSkybox":false,"showFlares":true,"showImageEffects":true,"showParticleSystems":true},"in2DMode":false,"pivot":{"x":-0.157296821475029,"y":-0.053089361637830737,"z":0.4721207320690155},"rotation":{"x":0.147714763879776,"y":0.4760115444660187,"z":-0.08146586269140244,"w":0.863109290599823},"size":0.9621177315711975,"orthographic":false}