{"cameraMode":{"drawMode":0,"name":"Shaded","section":"Shading Mode"},"sceneLighting":false,"audioPlay":false,"sceneViewState":{"showFog":true,"showMaterialUpdate":true,"showSkybox":false,"showFlares":true,"showImageEffects":true,"showParticleSystems":true},"in2DMode":false,"pivot":{"x":0.0,"y":0.047745734453201297,"z":0.02760442905128002},"rotation":{"x":0.10796833783388138,"y":0.2722204029560089,"z":-0.03075478971004486,"w":0.9556646943092346},"size":0.656827986240387,"orthographic":false}