{"cameraMode":{"drawMode":0,"name":"Shaded","section":"Shading Mode"},"sceneLighting":false,"audioPlay":false,"sceneViewState":{"showFog":true,"showMaterialUpdate":true,"showSkybox":false,"showFlares":true,"showImageEffects":true,"showParticleSystems":true},"in2DMode":false,"pivot":{"x":0.23412859439849854,"y":-0.09333410859107971,"z":-0.05482763797044754},"rotation":{"x":0.10264304280281067,"y":0.40245920419692995,"z":-0.045468855649232867,"w":0.9085285067558289},"size":0.656827986240387,"orthographic":false}